exp,set,idx,n,method,seed,weight,size,runtime,valid,proven,rl_weight,rl_was_optimal,improved_by_ilp,lower_bound,rl_time,cert_time
W1,ba_n100,0,100,rl_exact,0,323.0,13,0.306661400001758,True,True,334.0,False,True,323.0,0.24288330000126734,0.0636000000013155
W1,ba_n100,0,100,rl_exact,1,323.0,13,0.12354409999898053,True,True,334.0,False,True,323.0,0.10639569999693776,0.01697069999863743
W1,ba_n100,1,100,rl_exact,0,546.0,15,0.15509150000070804,True,True,555.0,False,True,546.0,0.12246349999986705,0.032340199999453034
W1,ba_n100,1,100,rl_exact,1,546.0,15,0.13907760000074632,True,True,546.0,True,False,546.0,0.11470019999978831,0.024138199998560594
W1,ba_n100,2,100,rl_exact,0,379.0,17,0.13996709999992163,True,True,379.0,True,False,379.0,0.11386420000053477,0.02585249999901862
W1,ba_n100,2,100,rl_exact,1,379.0,17,0.13910499999838066,True,True,379.0,True,False,379.0,0.11965240000063204,0.019166799997037742
W1,ba_n100,3,100,rl_exact,0,400.0,13,0.11068340000201715,True,True,402.0,False,True,400.0,0.0860863000016252,0.02434240000002319
W1,ba_n100,3,100,rl_exact,1,400.0,13,0.10593660000085947,True,True,400.0,True,False,400.0,0.0850892999987991,0.020663699997385265
W1,ba_n100,4,100,rl_exact,0,407.0,15,0.14127250000092317,True,True,407.0,True,False,407.0,0.11301979999916512,0.028001099999528378
W1,ba_n100,4,100,rl_exact,1,407.0,15,0.13969240000005811,True,True,438.0,False,True,407.0,0.11886729999969248,0.020643700001528487
W1,ba_n100,5,100,rl_exact,0,505.0,16,0.14047949999803677,True,True,505.0,True,False,505.0,0.12331049999920651,0.01696070000252803
W1,ba_n100,5,100,rl_exact,1,505.0,16,0.15503460000036284,True,True,505.0,True,False,505.0,0.1381266999997024,0.016642399998090696
W1,ba_n100,6,100,rl_exact,0,406.0,13,0.12211890000253334,True,True,431.0,False,True,406.0,0.1009715000000142,0.020913100001052953
W1,ba_n100,6,100,rl_exact,1,406.0,13,0.12339150000116206,True,True,406.0,True,False,406.0,0.1004867000010563,0.022748700001102407
W1,ba_n100,7,100,rl_exact,0,461.0,15,0.14049309999973048,True,True,462.0,False,True,461.0,0.12636230000134674,0.013960000000224682
W1,ba_n100,7,100,rl_exact,1,461.0,15,0.15758570000252803,True,True,461.0,True,False,461.0,0.13295920000018668,0.024385299999266863
W1,ba_n100,8,100,rl_exact,0,352.0,17,0.14040229999955045,True,True,352.0,True,False,352.0,0.11702029999651131,0.023206000001664506
W1,ba_n100,8,100,rl_exact,1,352.0,17,0.15540640000108397,True,True,352.0,True,False,352.0,0.1273137999996834,0.02794029999859049
W1,ba_n100,9,100,rl_exact,0,422.0,13,0.12545040000259178,True,True,422.0,True,False,422.0,0.10578090000126394,0.019380999998247717
W1,ba_n100,9,100,rl_exact,1,422.0,13,0.12600099999690428,True,True,422.0,True,False,422.0,0.10479429999759304,0.0209525999998732
W1,ba_n100,10,100,rl_exact,0,397.0,16,0.15523920000123326,True,True,409.0,False,True,397.0,0.12347340000269469,0.031507399999100016
W1,ba_n100,10,100,rl_exact,1,397.0,16,0.1387164000007033,True,True,397.0,True,False,397.0,0.11875969999891822,0.019777699999394827
W1,ba_n100,11,100,rl_exact,0,283.0,15,0.1407230000004347,True,True,283.0,True,False,283.0,0.1117573999981687,0.028735199997754535
W1,ba_n100,11,100,rl_exact,1,283.0,15,0.12301339999976335,True,True,283.0,True,False,283.0,0.105928999997559,0.016941900001256727
W1,ba_n100,12,100,rl_exact,0,364.0,12,0.10895020000316435,True,True,364.0,True,False,364.0,0.0907191000005696,0.018067599998175865
W1,ba_n100,12,100,rl_exact,1,364.0,12,0.12606330000198795,True,True,372.0,False,True,364.0,0.11000899999999092,0.015875400000368245
W1,ba_n100,13,100,rl_exact,0,416.0,13,0.12594209999952,True,True,420.0,False,True,416.0,0.10673479999968549,0.019056899996940047
W1,ba_n100,13,100,rl_exact,1,416.0,13,0.13933949999773176,True,True,420.0,False,True,416.0,0.11393129999851226,0.02524460000131512
W1,ba_n100,14,100,rl_exact,0,378.0,17,0.15335550000236253,True,True,378.0,True,False,378.0,0.12873229999968316,0.024440100001811516
W1,ba_n100,14,100,rl_exact,1,378.0,17,0.13979360000303132,True,True,378.0,True,False,378.0,0.12102140000206418,0.018631200000527315
W1,ba_n20,0,20,rl_exact,0,67.0,4,0.045251499999722,True,True,67.0,True,False,67.0,0.0324639999998908,0.012556500001664972
W1,ba_n20,0,20,rl_exact,1,67.0,4,0.04796349999742233,True,True,67.0,True,False,67.0,0.03238979999878211,0.015461000002687797
W1,ba_n20,1,20,rl_exact,0,94.0,4,0.04665960000056657,True,True,94.0,True,False,94.0,0.028729800000292016,0.01775199999974575
W1,ba_n20,1,20,rl_exact,1,94.0,4,0.045744700000796,True,True,94.0,True,False,94.0,0.0393843999991077,0.006226400000741705
W1,ba_n20,2,20,rl_exact,0,57.0,3,0.03164639999886276,True,True,57.0,True,False,57.0,0.02125309999973979,0.010253299999021692
W1,ba_n20,2,20,rl_exact,1,57.0,3,0.030239299998356728,True,True,57.0,True,False,57.0,0.024876499999663793,0.005233899999439018
W1,ba_n20,3,20,rl_exact,0,23.0,3,0.030635999999503838,True,True,23.0,True,False,23.0,0.024540000002161833,0.005955500000709435
W1,ba_n20,3,20,rl_exact,1,23.0,3,0.04622720000043046,True,True,23.0,True,False,23.0,0.03272669999932987,0.01328750000175205
W1,ba_n20,4,20,rl_exact,0,66.0,3,0.03080690000206232,True,True,66.0,True,False,66.0,0.02444180000020424,0.00625180000133696
W1,ba_n20,4,20,rl_exact,1,66.0,3,0.03219800000078976,True,True,66.0,True,False,66.0,0.024604800000815885,0.007474999998521525
W1,ba_n20,5,20,rl_exact,0,108.0,3,0.045540399998571957,True,True,108.0,True,False,108.0,0.02551780000067083,0.019884799999999814
W1,ba_n20,5,20,rl_exact,1,108.0,3,0.048434499996801605,True,True,108.0,True,False,108.0,0.026958899998135166,0.021280500001012115
W1,ba_n20,6,20,rl_exact,0,109.0,5,0.0460717999994813,True,True,109.0,True,False,109.0,0.0358583000015642,0.010071199998492375
W1,ba_n20,6,20,rl_exact,1,109.0,5,0.045511399999668356,True,True,109.0,True,False,109.0,0.03760049999982584,0.007757900002616225
W1,ba_n20,7,20,rl_exact,0,101.0,3,0.030380399999557994,True,True,101.0,True,False,101.0,0.023250599999300903,0.006981700000324054
W1,ba_n20,7,20,rl_exact,1,101.0,3,0.030968700000812532,True,True,101.0,True,False,101.0,0.024044100002356572,0.0068089000014879275
W1,ba_n20,8,20,rl_exact,0,163.0,3,0.030844000000797678,True,True,163.0,True,False,163.0,0.018505600000935374,0.012224499998410465
W1,ba_n20,8,20,rl_exact,1,163.0,3,0.04655590000038501,True,True,163.0,True,False,163.0,0.02584240000214777,0.020472199998039287
W1,ba_n20,9,20,rl_exact,0,49.0,3,0.044379499999195104,True,True,49.0,True,False,49.0,0.02755799999795272,0.016684999998688
W1,ba_n20,9,20,rl_exact,1,49.0,3,0.04746130000057747,True,True,49.0,True,False,49.0,0.029773199999908684,0.017579100000148173
W1,ba_n20,10,20,rl_exact,0,73.0,4,0.029905899998993846,True,True,73.0,True,False,73.0,0.023533600000519073,0.006252899998798966
W1,ba_n20,10,20,rl_exact,1,73.0,4,0.02973579999888898,True,True,73.0,True,False,73.0,0.02115570000023581,0.008452400001260685
W1,ba_n20,11,20,rl_exact,0,164.0,4,0.04635189999680733,True,True,164.0,True,False,164.0,0.025067599999601953,0.021110600002430147
W1,ba_n20,11,20,rl_exact,1,164.0,3,0.04669339999963995,True,True,164.0,True,False,164.0,0.028002799997921102,0.018520200002967613
W1,ba_n20,12,20,rl_exact,0,117.0,5,0.04572560000087833,True,True,117.0,True,False,117.0,0.03998159999900963,0.005630200001178309
W1,ba_n20,12,20,rl_exact,1,117.0,5,0.06283770000300137,True,True,117.0,True,False,117.0,0.04126410000026226,0.021363100000598934
W1,ba_n20,13,20,rl_exact,0,55.0,3,0.044889500000863336,True,True,55.0,True,False,55.0,0.023847899999964284,0.020893100001558196
W1,ba_n20,13,20,rl_exact,1,55.0,3,0.046511099997587735,True,True,55.0,True,False,55.0,0.02643059999900288,0.01994399999966845
W1,ba_n20,14,20,rl_exact,0,53.0,4,0.04511049999928218,True,True,53.0,True,False,53.0,0.031091199998627417,0.013886000000638887
W1,ba_n20,14,20,rl_exact,1,53.0,4,0.047921199999109376,True,True,53.0,True,False,53.0,0.027014200000849087,0.0207782000034058
W1,ba_n200,0,200,rl_exact,0,754.0,26,0.3108401999998023,True,True,760.0,False,True,754.0,0.26786450000145123,0.0426895999989938
W1,ba_n200,0,200,rl_exact,1,754.0,26,0.31563019999885,True,True,760.0,False,True,754.0,0.26704699999754666,0.048289599999407073
W1,ba_n200,1,200,rl_exact,0,871.0,32,0.32264500000019325,True,True,895.0,False,True,871.0,0.27647329999672365,0.04596759999913047
W1,ba_n200,1,200,rl_exact,1,871.0,32,0.32401040000331705,True,True,900.0,False,True,871.0,0.2736743000023125,0.05015279999861377
W1,ba_n200,2,200,rl_exact,0,739.0,26,0.27923029999874416,True,True,750.0,False,True,739.0,0.2488682000002882,0.03014940000139177
W1,ba_n200,2,200,rl_exact,1,739.0,26,0.27836260000185575,True,True,748.0,False,True,739.0,0.24112460000105784,0.037067699999170145
W1,ba_n200,3,200,rl_exact,0,754.0,29,0.32733310000185156,True,True,758.0,False,True,754.0,0.2904296000015165,0.0366409999987809
W1,ba_n200,3,200,rl_exact,1,754.0,29,0.3099060999993526,True,True,758.0,False,True,754.0,0.2805348000001686,0.02917159999924479
W1,ba_n200,4,200,rl_exact,0,721.0,29,0.28008240000053775,True,True,721.0,True,False,721.0,0.25072820000059437,0.02914510000118753
W1,ba_n200,4,200,rl_exact,1,721.0,29,0.3247260999996797,True,True,721.0,True,False,721.0,0.287971199999447,0.03648590000011609
W1,ba_n200,5,200,rl_exact,0,944.0,36,0.35714329999973415,True,True,954.0,False,True,944.0,0.30094499999904656,0.05579099999886239
W1,ba_n200,5,200,rl_exact,1,944.0,36,0.32578690000082133,True,True,946.0,False,True,944.0,0.2707331999990856,0.054826600000524195
W1,ba_n200,6,200,rl_exact,0,707.0,33,0.2937844000007317,True,True,707.0,True,False,707.0,0.26574729999992996,0.02779050000026473
W1,ba_n200,6,200,rl_exact,1,707.0,33,0.2967773999989731,True,True,715.0,False,True,707.0,0.27194429999872227,0.024544100000639446
W1,ba_n200,7,200,rl_exact,0,844.0,30,0.28344859999924665,True,True,844.0,True,False,844.0,0.24698259999786387,0.036119699998380383
W1,ba_n200,7,200,rl_exact,1,844.0,30,0.27761479999753647,True,True,853.0,False,True,844.0,0.2460642000005464,0.031362699999590404
W1,ba_n200,8,200,rl_exact,0,694.0,31,0.35823549999986426,True,True,739.0,False,True,694.0,0.3071334999985993,0.05076790000020992
W1,ba_n200,8,200,rl_exact,1,694.0,31,0.3547664999969129,True,True,718.0,False,True,694.0,0.3098861999969813,0.04454320000149892
W1,ba_n200,9,200,rl_exact,0,833.0,28,0.2616256000001158,True,True,833.0,True,False,833.0,0.23388250000061817,0.02740280000216444
W1,ba_n200,9,200,rl_exact,1,833.0,28,0.26385839999784366,True,True,864.0,False,True,833.0,0.23333219999767607,0.03029160000005504
W1,ba_n200,10,200,rl_exact,0,733.0,33,0.2953483999990567,True,True,733.0,True,False,733.0,0.2627876999977161,0.032238600000709994
W1,ba_n200,10,200,rl_exact,1,733.0,33,0.2946397999985493,True,True,740.0,False,True,733.0,0.2607620999988285,0.03365560000020196
W1,ba_n200,11,200,rl_exact,0,508.0,28,0.27886690000013914,True,True,534.0,False,True,508.0,0.24840750000294065,0.03025559999878169
W1,ba_n200,11,200,rl_exact,1,508.0,28,0.27835140000024694,True,True,508.0,True,False,508.0,0.2427151000010781,0.03530320000209031
W1,ba_n200,12,200,rl_exact,0,627.0,29,0.2640745999997307,True,True,627.0,True,False,627.0,0.2403255999997782,0.023538099998404505
W1,ba_n200,12,200,rl_exact,1,627.0,30,0.2749222999991616,True,True,627.0,True,False,627.0,0.24989170000117156,0.024832900002365932
W1,ba_n200,13,200,rl_exact,0,863.0,29,0.29451540000081877,True,True,872.0,False,True,863.0,0.26537699999971665,0.02880149999691639
W1,ba_n200,13,200,rl_exact,1,863.0,29,0.2972009999975853,True,True,887.0,False,True,863.0,0.2538587999988522,0.04316110000218032
W1,ba_n200,14,200,rl_exact,0,716.0,30,0.3392578999992111,True,True,754.0,False,True,716.0,0.29212180000104127,0.04693109999789158
W1,ba_n200,14,200,rl_exact,1,716.0,30,0.35873549999814713,True,True,748.0,False,True,716.0,0.3126035999994201,0.045790000000124564
W1,ba_n50,0,50,rl_exact,0,226.0,9,0.0908116999999038,True,True,227.0,False,True,226.0,0.07071499999801745,0.01991719999932684
W1,ba_n50,0,50,rl_exact,1,226.0,9,0.07820820000051754,True,True,227.0,False,True,226.0,0.06865409999954863,0.009398999998666113
W1,ba_n50,1,50,rl_exact,0,215.0,7,0.09363999999914085,True,True,215.0,True,False,215.0,0.0678963999998814,0.025467199997365242
W1,ba_n50,1,50,rl_exact,1,215.0,7,0.09349749999819323,True,True,215.0,True,False,215.0,0.07152829999904498,0.021753000000899192
W1,ba_n50,2,50,rl_exact,0,214.0,9,0.07746399999814457,True,True,230.0,False,True,214.0,0.057156399998348206,0.020158100000116974
W1,ba_n50,2,50,rl_exact,1,214.0,9,0.07733229999939795,True,True,230.0,False,True,214.0,0.06667369999922812,0.010501799999474315
W1,ba_n50,3,50,rl_exact,0,165.0,7,0.0624930999983917,True,True,165.0,True,False,165.0,0.0490207000002556,0.013248899998870911
W1,ba_n50,3,50,rl_exact,1,165.0,7,0.061492100001487415,True,True,165.0,True,False,165.0,0.05103410000083386,0.010321399997337721
W1,ba_n50,4,50,rl_exact,0,346.0,10,0.09484440000233008,True,True,349.0,False,True,346.0,0.07106690000000526,0.023562200000014855
W1,ba_n50,4,50,rl_exact,1,346.0,10,0.09309840000059921,True,True,349.0,False,True,346.0,0.0730452999996487,0.019897199999832083
W1,ba_n50,5,50,rl_exact,0,121.0,6,0.04558389999874635,True,True,121.0,True,False,121.0,0.036358599998493446,0.009092799999052659
W1,ba_n50,5,50,rl_exact,1,121.0,6,0.0632781000022078,True,True,121.0,True,False,121.0,0.04658220000055735,0.016440999999758787
W1,ba_n50,6,50,rl_exact,0,232.0,8,0.09533169999849633,True,True,234.0,False,True,232.0,0.06815409999762778,0.026950100000249222
W1,ba_n50,6,50,rl_exact,1,232.0,8,0.09162229999856208,True,True,234.0,False,True,232.0,0.06715889999759383,0.024322400000528432
W1,ba_n50,7,50,rl_exact,0,198.0,6,0.06201090000104159,True,True,198.0,True,False,198.0,0.044154100000014296,0.01763330000176211
W1,ba_n50,7,50,rl_exact,1,198.0,6,0.06080170000132057,True,True,198.0,True,False,198.0,0.0460034000025189,0.014532900000631344
W1,ba_n50,8,50,rl_exact,0,146.0,8,0.07749350000085542,True,True,146.0,True,False,146.0,0.06211830000029295,0.01522790000308305
W1,ba_n50,8,50,rl_exact,1,146.0,8,0.07585269999981392,True,True,146.0,True,False,146.0,0.055850100001407554,0.019842699999571778
W1,ba_n50,9,50,rl_exact,0,208.0,9,0.07913250000274274,True,True,208.0,True,False,208.0,0.05665969999972731,0.022333299999445444
W1,ba_n50,9,50,rl_exact,1,208.0,9,0.07705350000105682,True,True,208.0,True,False,208.0,0.05767969999942579,0.01921779999975115
W1,ba_n50,10,50,rl_exact,0,138.0,7,0.07600420000017039,True,True,138.0,True,False,138.0,0.05700749999959953,0.018846700000722194
W1,ba_n50,10,50,rl_exact,1,138.0,7,0.07913410000037402,True,True,138.0,True,False,138.0,0.05885810000108904,0.020117399999435293
W1,ba_n50,11,50,rl_exact,0,320.0,12,0.09513080000033369,True,True,320.0,True,False,320.0,0.07465950000187149,0.020245399999112124
W1,ba_n50,11,50,rl_exact,1,320.0,12,0.09295770000244374,True,True,320.0,True,False,320.0,0.07702080000308342,0.015788600001542363
W1,ba_n50,12,50,rl_exact,0,259.0,9,0.07804789999863715,True,True,259.0,True,False,259.0,0.06469020000076853,0.013185000003431924
W1,ba_n50,12,50,rl_exact,1,259.0,9,0.07763290000002598,True,True,259.0,True,False,259.0,0.06402820000221254,0.013462900002195965
W1,ba_n50,13,50,rl_exact,0,225.0,5,0.04508069999792497,True,True,225.0,True,False,225.0,0.0350006000007852,0.009850300000834977
W1,ba_n50,13,50,rl_exact,1,225.0,5,0.06178840000211494,True,True,225.0,True,False,225.0,0.04576910000105272,0.01577220000035595
W1,ba_n50,14,50,rl_exact,0,158.0,7,0.06107759999940754,True,True,158.0,True,False,158.0,0.0491373000004387,0.011763800001062918
W1,ba_n50,14,50,rl_exact,1,158.0,7,0.0619501000001037,True,True,158.0,True,False,158.0,0.048998499998560874,0.012728100002277642
W1,er_n100,0,100,rl_exact,0,397.0,18,0.15459809999811114,True,True,397.0,True,False,397.0,0.13381759999901988,0.020607000002200948
W1,er_n100,0,100,rl_exact,1,397.0,18,0.17179989999931422,True,True,410.0,False,True,397.0,0.14525240000148187,0.02633590000186814
W1,er_n100,1,100,rl_exact,0,442.0,22,0.17047390000152518,True,True,443.0,False,True,442.0,0.15433280000070226,0.015921399997750996
W1,er_n100,1,100,rl_exact,1,442.0,22,0.2001440999993065,True,True,443.0,False,True,442.0,0.17014579999886337,0.029796999999234686
W1,er_n100,2,100,rl_exact,0,363.0,22,0.18658289999802946,True,True,363.0,True,False,363.0,0.15865900000062538,0.027719399997295113
W1,er_n100,2,100,rl_exact,1,363.0,22,0.19027769999956945,True,True,380.0,False,True,363.0,0.16773029999967548,0.02228389999800129
W1,er_n100,3,100,rl_exact,0,572.0,22,0.2029049999982817,True,True,573.0,False,True,572.0,0.16733690000182833,0.035342399998626206
W1,er_n100,3,100,rl_exact,1,572.0,22,0.20418019999851822,True,True,573.0,False,True,572.0,0.1650850999976683,0.03882580000208691
W1,er_n100,4,100,rl_exact,0,392.0,20,0.16911369999797898,True,True,406.0,False,True,392.0,0.15301650000037625,0.01587440000002971
W1,er_n100,4,100,rl_exact,1,392.0,20,0.16847019999840995,True,True,396.0,False,True,392.0,0.15283819999967818,0.015386000002763467
W1,er_n100,5,100,rl_exact,0,439.0,19,0.15666609999971115,True,True,439.0,True,False,439.0,0.13561359999948763,0.02088020000155666
W1,er_n100,5,100,rl_exact,1,439.0,19,0.17170310000074096,True,True,439.0,True,False,439.0,0.1414669000005233,0.029953900000691647
W1,er_n100,6,100,rl_exact,0,405.0,19,0.1553514000006544,True,True,405.0,True,False,405.0,0.13530829999945126,0.019864800000505056
W1,er_n100,6,100,rl_exact,1,405.0,19,0.17071069999656174,True,True,405.0,True,False,405.0,0.14076679999925545,0.02967210000133491
W1,er_n100,7,100,rl_exact,0,596.0,17,0.14022220000333618,True,True,596.0,True,False,596.0,0.12410780000209343,0.01594900000054622
W1,er_n100,7,100,rl_exact,1,596.0,17,0.1407684000005247,True,True,602.0,False,True,596.0,0.12533340000300086,0.015260399999533547
W1,er_n100,8,100,rl_exact,0,625.0,20,0.13921280000067782,True,True,625.0,True,False,625.0,0.12305030000061379,0.01599260000148206
W1,er_n100,8,100,rl_exact,1,625.0,20,0.15556809999907273,True,True,637.0,False,True,625.0,0.12922230000185664,0.026163599999563303
W1,er_n100,9,100,rl_exact,0,421.0,20,0.18374089999997523,True,True,421.0,True,False,421.0,0.15900609999880544,0.02456010000241804
W1,er_n100,9,100,rl_exact,1,421.0,20,0.18643440000232658,True,True,421.0,True,False,421.0,0.16503490000104648,0.02112439999837079
W1,er_n100,10,100,rl_exact,0,540.0,23,0.16812860000209184,True,True,540.0,True,False,540.0,0.15109020000090823,0.016876500001671957
W1,er_n100,10,100,rl_exact,1,540.0,23,0.170015700001386,True,True,540.0,True,False,540.0,0.14877650000198628,0.02104670000335318
W1,er_n100,11,100,rl_exact,0,472.0,19,0.17028039999786415,True,True,472.0,True,False,472.0,0.1553645999993023,0.014746200002264231
W1,er_n100,11,100,rl_exact,1,472.0,19,0.18717480000123032,True,True,479.0,False,True,472.0,0.16000120000171592,0.026988500001607463
W1,er_n100,12,100,rl_exact,0,360.0,22,0.18823929999780376,True,True,360.0,True,False,360.0,0.16265529999873252,0.025398900001164293
W1,er_n100,12,100,rl_exact,1,360.0,22,0.17191559999992023,True,True,360.0,True,False,360.0,0.1513185000003432,0.020321600000897888
W1,er_n100,13,100,rl_exact,0,397.0,21,0.17021500000191736,True,True,412.0,False,True,397.0,0.14777820000017527,0.022269700002652826
W1,er_n100,13,100,rl_exact,1,397.0,21,0.18537849999847822,True,True,401.0,False,True,397.0,0.16647609999927226,0.018662900001800153
W1,er_n100,14,100,rl_exact,0,469.0,20,0.17075169999952777,True,True,484.0,False,True,469.0,0.15067000000271946,0.019816800002445234
W1,er_n100,14,100,rl_exact,1,469.0,20,0.18843209999977262,True,True,484.0,False,True,469.0,0.15857949999917764,0.02966039999955683
W1,er_n20,0,20,rl_exact,0,58.0,3,0.04472180000084336,True,True,58.0,True,False,58.0,0.027478300002258038,0.016970600001513958
W1,er_n20,0,20,rl_exact,1,58.0,3,0.04602750000049127,True,True,58.0,True,False,58.0,0.037457400001585484,0.008339100000739563
W1,er_n20,1,20,rl_exact,0,51.0,3,0.031420799998159055,True,True,51.0,True,False,51.0,0.021793799998704344,0.00948459999926854
W1,er_n20,1,20,rl_exact,1,51.0,3,0.03130539999983739,True,True,51.0,True,False,51.0,0.02153360000011162,0.009629499996663071
W1,er_n20,2,20,rl_exact,0,49.0,3,0.04830720000245492,True,True,49.0,True,False,49.0,0.03144760000213864,0.016679100001056213
W1,er_n20,2,20,rl_exact,1,49.0,3,0.047360399999888614,True,True,49.0,True,False,49.0,0.0379014999998617,0.009318000000348547
W1,er_n20,3,20,rl_exact,0,119.0,4,0.0465994000005594,True,True,119.0,True,False,119.0,0.025313599999208236,0.02109280000149738
W1,er_n20,3,20,rl_exact,1,119.0,4,0.046469900000374764,True,True,119.0,True,False,119.0,0.027315299998008413,0.018993400000908878
W1,er_n20,4,20,rl_exact,0,46.0,3,0.030257400001573842,True,True,46.0,True,False,46.0,0.01597340000080294,0.014146099998470163
W1,er_n20,4,20,rl_exact,1,46.0,3,0.03138639999815496,True,True,46.0,True,False,46.0,0.016286800000671064,0.014966200000344543
W1,er_n20,5,20,rl_exact,0,95.0,4,0.045662099997571204,True,True,95.0,True,False,95.0,0.03372939999826485,0.011791999997512903
W1,er_n20,5,20,rl_exact,1,95.0,4,0.04512780000004568,True,True,95.0,True,False,95.0,0.03685849999965285,0.008149499997671228
W1,er_n20,6,20,rl_exact,0,83.0,3,0.04764609999983804,True,True,93.0,False,True,83.0,0.03191240000160178,0.015583099997456884
W1,er_n20,6,20,rl_exact,1,83.0,3,0.046644000001833774,True,True,93.0,False,True,83.0,0.03326930000184802,0.013198799999372568
W1,er_n20,7,20,rl_exact,0,94.0,4,0.047372100001666695,True,True,96.0,False,True,94.0,0.03216650000103982,0.01499590000094031
W1,er_n20,7,20,rl_exact,1,94.0,4,0.04665799999929732,True,True,94.0,True,False,94.0,0.041301600002043415,0.005243499999778578
W1,er_n20,8,20,rl_exact,0,45.0,4,0.04737359999853652,True,True,53.0,False,True,45.0,0.030937399998947512,0.01623490000201855
W1,er_n20,8,20,rl_exact,1,45.0,4,0.04788550000012037,True,True,53.0,False,True,45.0,0.03530959999989136,0.012409299997671042
W1,er_n20,9,20,rl_exact,0,85.0,4,0.043968300000415184,True,True,85.0,True,False,85.0,0.03237450000233366,0.01145639999958803
W1,er_n20,9,20,rl_exact,1,85.0,4,0.047534299999824725,True,True,85.0,True,False,85.0,0.030498500000248896,0.01682020000225748
W1,er_n20,10,20,rl_exact,0,55.0,3,0.03093040000021574,True,True,55.0,True,False,55.0,0.02410280000185594,0.006679999998596031
W1,er_n20,10,20,rl_exact,1,55.0,3,0.03094760000021779,True,True,55.0,True,False,55.0,0.019390100002055988,0.011333999998896616
W1,er_n20,11,20,rl_exact,0,66.0,4,0.04461100000116858,True,True,66.0,True,False,66.0,0.026430900001287227,0.017993199999182252
W1,er_n20,11,20,rl_exact,1,66.0,4,0.04685050000261981,True,True,66.0,True,False,66.0,0.02695280000261846,0.01976009999998496
W1,er_n20,12,20,rl_exact,0,85.0,3,0.04692029999932856,True,True,85.0,True,False,85.0,0.02664060000097379,0.020078499997907784
W1,er_n20,12,20,rl_exact,1,85.0,3,0.030668899999000132,True,True,85.0,True,False,85.0,0.022700199999235338,0.007835899999918183
W1,er_n20,13,20,rl_exact,0,56.0,3,0.046724100000574253,True,True,56.0,True,False,56.0,0.025960400002077222,0.020563800000672927
W1,er_n20,13,20,rl_exact,1,56.0,3,0.03043210000032559,True,True,56.0,True,False,56.0,0.023300900000322144,0.0070190000005823094
W1,er_n20,14,20,rl_exact,0,63.0,5,0.04638139999951818,True,True,63.0,True,False,63.0,0.030130600000120467,0.016020800001570024
W1,er_n20,14,20,rl_exact,1,63.0,5,0.04602979999981471,True,True,63.0,True,False,63.0,0.033515899998747045,0.012364199999865377
W1,er_n200,0,200,rl_exact,0,962.0,39,0.4230357999986154,True,True,985.0,False,True,962.0,0.3892205999982252,0.03343740000127582
W1,er_n200,0,200,rl_exact,1,962.0,39,0.40364430000045104,True,True,990.0,False,True,962.0,0.3781654000013077,0.025210499999957392
W1,er_n200,1,200,rl_exact,0,655.0,42,0.35552409999945667,True,True,659.0,False,True,655.0,0.33533799999713665,0.019948399996792432
W1,er_n200,1,200,rl_exact,1,655.0,42,0.3868666000016674,True,True,663.0,False,True,655.0,0.3656379999993078,0.021019100000557955
W1,er_n200,2,200,rl_exact,0,784.0,37,0.3548274000022502,True,True,784.0,True,False,784.0,0.33172320000085165,0.02287580000120215
W1,er_n200,2,200,rl_exact,1,784.0,37,0.3748883999978716,True,True,784.0,True,False,784.0,0.345931699997891,0.028613300000870368
W1,er_n200,3,200,rl_exact,0,854.0,39,0.3396930000017164,True,True,854.0,True,False,854.0,0.307349399998202,0.032016000001021894
W1,er_n200,3,200,rl_exact,1,854.0,39,0.35497340000074473,True,True,854.0,True,False,854.0,0.319959899999958,0.03479729999889969
W1,er_n200,4,200,rl_exact,0,879.0,38,0.38838590000159456,True,True,879.0,True,False,879.0,0.3305072000002838,0.05750829999669804
W1,er_n200,4,200,rl_exact,1,879.0,38,0.40525219999835826,True,True,899.0,False,True,879.0,0.3354055999989214,0.06963700000051176
W1,er_n200,5,200,rl_exact,0,1017.0,40,0.4053691999979492,True,True,1053.0,False,True,1017.0,0.33841839999877266,0.06672590000016498
W1,er_n200,5,200,rl_exact,1,1017.0,40,0.3905098999966867,True,True,1017.0,True,False,1017.0,0.34304389999670093,0.047086300000955816
W1,er_n200,6,200,rl_exact,0,988.0,39,0.37376490000315243,True,True,993.0,False,True,988.0,0.3192544000012276,0.05415330000323593
W1,er_n200,6,200,rl_exact,1,988.0,39,0.4475650999993377,True,True,1003.0,False,True,988.0,0.3401545000015176,0.10719470000185538
W1,er_n200,7,200,rl_exact,0,697.0,40,0.38898649999828194,True,True,708.0,False,True,697.0,0.3443994000008388,0.04437350000080187
W1,er_n200,7,200,rl_exact,1,697.0,40,0.37310640000214335,True,True,702.0,False,True,697.0,0.33448930000304244,0.0384185000002617
W1,er_n200,8,200,rl_exact,0,916.0,39,0.355340599999181,True,True,931.0,False,True,916.0,0.32187859999976354,0.03320950000124867
W1,er_n200,8,200,rl_exact,1,916.0,39,0.3277592000013101,True,True,937.0,False,True,916.0,0.2924411999993026,0.035030699997150805
W1,er_n200,9,200,rl_exact,0,1125.0,39,0.4162529000022914,True,True,1149.0,False,True,1125.0,0.32535880000068573,0.09053660000063246
W1,er_n200,9,200,rl_exact,1,1125.0,39,0.43306980000124895,True,True,1156.0,False,True,1125.0,0.3486649000005855,0.08418810000148369
W1,er_n200,10,200,rl_exact,0,913.0,40,0.36936810000042897,True,True,917.0,False,True,913.0,0.33294260000184295,0.036206599997967714
W1,er_n200,10,200,rl_exact,1,913.0,40,0.3885747000022093,True,True,929.0,False,True,913.0,0.3406902999995509,0.047669999999925494
W1,er_n200,11,200,rl_exact,0,880.0,43,0.4369332999995095,True,True,880.0,True,False,880.0,0.34208079999734764,0.09449409999797354
W1,er_n200,11,200,rl_exact,1,880.0,43,0.43416159999833326,True,True,887.0,False,True,880.0,0.33429419999811216,0.09963190000053146
W1,er_n200,12,200,rl_exact,0,826.0,40,0.37260539999988396,True,True,828.0,False,True,826.0,0.3212067999993451,0.05096109999794862
W1,er_n200,12,200,rl_exact,1,826.0,40,0.3880207000001974,True,True,828.0,False,True,826.0,0.3322931999973662,0.055306099999143044
W1,er_n200,13,200,rl_exact,0,802.0,38,0.3710291999996116,True,True,834.0,False,True,802.0,0.3193040000005567,0.051386300001468044
W1,er_n200,13,200,rl_exact,1,802.0,38,0.3558470000025409,True,True,813.0,False,True,802.0,0.3017565000009199,0.053713200002675876
W1,er_n200,14,200,rl_exact,0,824.0,40,0.3829069999992498,True,True,829.0,False,True,824.0,0.3312361999996938,0.05128839999815682
W1,er_n200,14,200,rl_exact,1,824.0,40,0.40625139999974635,True,True,829.0,False,True,824.0,0.3478858000016771,0.05808500000057393
W1,er_n50,0,50,rl_exact,0,230.0,9,0.09052709999741637,True,True,230.0,True,False,230.0,0.06410919999689213,0.026213199998892378
W1,er_n50,0,50,rl_exact,1,230.0,9,0.09216540000124951,True,True,230.0,True,False,230.0,0.06898739999815007,0.02294869999968796
W1,er_n50,1,50,rl_exact,0,235.0,8,0.07716069999878528,True,True,237.0,False,True,235.0,0.06051170000137063,0.016381199999159435
W1,er_n50,1,50,rl_exact,1,235.0,8,0.07680229999823496,True,True,237.0,False,True,235.0,0.06428030000097351,0.012388499999360647
W1,er_n50,2,50,rl_exact,0,153.0,10,0.0773908000010124,True,True,153.0,True,False,153.0,0.06702690000020084,0.010220299998763949
W1,er_n50,2,50,rl_exact,1,153.0,10,0.09114219999901252,True,True,153.0,True,False,153.0,0.06869849999930011,0.022268299999268493
W1,er_n50,3,50,rl_exact,0,200.0,12,0.09265880000020843,True,True,200.0,True,False,200.0,0.0762553000022308,0.016158900001755683
W1,er_n50,3,50,rl_exact,1,200.0,12,0.09216489999744226,True,True,200.0,True,False,200.0,0.08022159999745782,0.01180200000089826
W1,er_n50,4,50,rl_exact,0,243.0,8,0.09462369999891962,True,True,247.0,False,True,243.0,0.0643406999988656,0.03006400000231224
W1,er_n50,4,50,rl_exact,1,243.0,8,0.09201409999877797,True,True,256.0,False,True,243.0,0.06400070000017877,0.027774300000601215
W1,er_n50,5,50,rl_exact,0,223.0,11,0.09224259999973583,True,True,223.0,True,False,223.0,0.0715537999967637,0.020540299999993294
W1,er_n50,5,50,rl_exact,1,223.0,11,0.07766800000172225,True,True,223.0,True,False,223.0,0.06450609999956214,0.013028599998506252
W1,er_n50,6,50,rl_exact,0,419.0,10,0.09555560000080732,True,True,428.0,False,True,419.0,0.07220329999836395,0.023062099997332552
W1,er_n50,6,50,rl_exact,1,419.0,10,0.09206569999878411,True,True,435.0,False,True,419.0,0.07295959999828483,0.0189641999968444
W1,er_n50,7,50,rl_exact,0,285.0,12,0.09415039999657893,True,True,285.0,True,False,285.0,0.06718869999895105,0.02669909999895026
W1,er_n50,7,50,rl_exact,1,285.0,12,0.09105790000103298,True,True,285.0,True,False,285.0,0.06944410000141943,0.02140739999958896
W1,er_n50,8,50,rl_exact,0,256.0,11,0.09236590000000433,True,True,256.0,True,False,256.0,0.08362309999938589,0.008583200000430224
W1,er_n50,8,50,rl_exact,1,256.0,11,0.1104641999991145,True,True,256.0,True,False,256.0,0.09303920000093058,0.01716590000069118
W1,er_n50,9,50,rl_exact,0,215.0,9,0.0774691000005987,True,True,217.0,False,True,215.0,0.0631113000017649,0.014221000001271022
W1,er_n50,9,50,rl_exact,1,215.0,9,0.0785768999994616,True,True,215.0,True,False,215.0,0.06229689999963739,0.01614239999980782
W1,er_n50,10,50,rl_exact,0,179.0,10,0.09363769999981741,True,True,179.0,True,False,179.0,0.07036320000042906,0.023039700001390884
W1,er_n50,10,50,rl_exact,1,179.0,10,0.09198689999902854,True,True,179.0,True,False,179.0,0.07279669999843463,0.018964800001413096
W1,er_n50,11,50,rl_exact,0,201.0,9,0.09099589999823365,True,True,201.0,True,False,201.0,0.07697759999791742,0.013797100000374485
W1,er_n50,11,50,rl_exact,1,201.0,9,0.09436189999905764,True,True,207.0,False,True,201.0,0.07807949999914854,0.01605799999742885
W1,er_n50,12,50,rl_exact,0,136.0,11,0.09234309999737889,True,True,136.0,True,False,136.0,0.0786707999977807,0.013516399998479756
W1,er_n50,12,50,rl_exact,1,136.0,11,0.09311570000136271,True,True,136.0,True,False,136.0,0.0832553000000189,0.009632299999793759
W1,er_n50,13,50,rl_exact,0,183.0,9,0.0935630999993009,True,True,190.0,False,True,183.0,0.07119009999951231,0.02214559999993071
W1,er_n50,13,50,rl_exact,1,183.0,9,0.09408120000080089,True,True,183.0,True,False,183.0,0.07245369999873219,0.021385000000009313
W1,er_n50,14,50,rl_exact,0,172.0,9,0.09376429999974789,True,True,172.0,True,False,172.0,0.06728559999828576,0.026243399999657413
W1,er_n50,14,50,rl_exact,1,172.0,9,0.09221439999964787,True,True,172.0,True,False,172.0,0.06799529999989318,0.023997000000235857
W2,ba_degree_correlated,0,100,rl_exact,0,220.0,17,0.18901369999730377,True,True,246.0,False,True,220.0,0.1213709999974526,0.06728819999989355
W2,ba_degree_correlated,0,100,rl_exact,1,220.0,17,0.1842586000020674,True,True,233.0,False,True,220.0,0.13365640000120038,0.050345600000582635
W2,ba_degree_correlated,1,100,rl_exact,0,201.0,12,0.12346959999922547,True,True,201.0,True,False,201.0,0.09696189999885974,0.026331600001867628
W2,ba_degree_correlated,1,100,rl_exact,1,201.0,12,0.10712280000007013,True,True,201.0,True,False,201.0,0.0857882000018435,0.02116550000209827
W2,ba_degree_correlated,2,100,rl_exact,0,206.0,16,0.15812150000056135,True,True,214.0,False,True,206.0,0.10600049999993644,0.05194320000009611
W2,ba_degree_correlated,2,100,rl_exact,1,206.0,16,0.15375940000012633,True,True,206.0,True,False,206.0,0.11589350000213017,0.037600099996780045
W2,ba_degree_correlated,3,100,rl_exact,0,226.0,18,0.18419400000129826,True,True,231.0,False,True,226.0,0.14659020000181044,0.03735650000089663
W2,ba_degree_correlated,3,100,rl_exact,1,226.0,18,0.18528130000049714,True,True,231.0,False,True,226.0,0.13771009999982198,0.04731200000242097
W2,ba_degree_correlated,4,100,rl_exact,0,222.0,14,0.18625979999706033,True,True,222.0,True,False,222.0,0.14094660000046133,0.045001600003161
W2,ba_degree_correlated,4,100,rl_exact,1,222.0,14,0.22985130000233767,True,True,231.0,False,True,222.0,0.16268400000262773,0.06694520000019111
W2,ba_degree_correlated,5,100,rl_exact,0,204.0,10,0.1552114000005531,True,True,209.0,False,True,204.0,0.12618360000124085,0.028751000001648208
W2,ba_degree_correlated,5,100,rl_exact,1,204.0,10,0.13925139999992098,True,True,208.0,False,True,204.0,0.10791349999999511,0.03116059999956633
W2,ba_degree_correlated,6,100,rl_exact,0,211.0,15,0.15691149999838672,True,True,211.0,True,False,211.0,0.11838110000098823,0.038345099997968646
W2,ba_degree_correlated,6,100,rl_exact,1,211.0,15,0.18531630000143196,True,True,214.0,False,True,211.0,0.14293200000247452,0.04210930000044755
W2,ba_degree_correlated,7,100,rl_exact,0,211.0,15,0.13857890000144835,True,True,211.0,True,False,211.0,0.10595409999950789,0.03234549999979208
W2,ba_degree_correlated,7,100,rl_exact,1,211.0,15,0.13837920000150916,True,True,211.0,True,False,211.0,0.10740369999984978,0.030708500002219807
W2,ba_degree_correlated,8,100,rl_exact,0,235.0,18,0.18522909999956028,True,True,237.0,False,True,235.0,0.13591010000163806,0.04914199999984703
W2,ba_degree_correlated,8,100,rl_exact,1,235.0,18,0.20185489999857964,True,True,237.0,False,True,235.0,0.14277189999847906,0.05889279999973951
W2,ba_degree_correlated,9,100,rl_exact,0,222.0,16,0.1561465999984648,True,True,222.0,True,False,222.0,0.13103419999970356,0.024837099997967016
W2,ba_degree_correlated,9,100,rl_exact,1,222.0,16,0.1850520999978471,True,True,224.0,False,True,222.0,0.15169139999852632,0.03309770000123535
W2,ba_uniform_int,0,100,rl_exact,0,443.0,20,0.17079459999877145,True,True,443.0,True,False,443.0,0.14614409999921918,0.02436659999875701
W2,ba_uniform_int,0,100,rl_exact,1,443.0,20,0.1709311999984493,True,True,443.0,True,False,443.0,0.14385290000063833,0.026843100000405684
W2,ba_uniform_int,1,100,rl_exact,0,413.0,14,0.15523639999810257,True,True,439.0,False,True,413.0,0.12563349999982165,0.0294400000020687
W2,ba_uniform_int,1,100,rl_exact,1,413.0,14,0.16906380000000354,True,True,439.0,False,True,413.0,0.14080309999917517,0.028083799999876646
W2,ba_uniform_int,2,100,rl_exact,0,507.0,13,0.14096470000004047,True,True,507.0,True,False,507.0,0.12152440000136266,0.01924230000076932
W2,ba_uniform_int,2,100,rl_exact,1,507.0,13,0.15320799999972223,True,True,507.0,True,False,507.0,0.13597110000046086,0.017015299999911804
W2,ba_uniform_int,3,100,rl_exact,0,434.0,14,0.15577520000078948,True,True,494.0,False,True,434.0,0.12619959999938146,0.029409800001303665
W2,ba_uniform_int,3,100,rl_exact,1,434.0,14,0.13808910000079777,True,True,440.0,False,True,434.0,0.11989370000083,0.017970100001548417
W2,ba_uniform_int,4,100,rl_exact,0,382.0,15,0.1199717999988934,True,True,382.0,True,False,382.0,0.10482469999988098,0.014991799998824717
W2,ba_uniform_int,4,100,rl_exact,1,382.0,15,0.12488239999947837,True,True,392.0,False,True,382.0,0.10020470000017667,0.02447780000147759
W2,ba_uniform_int,5,100,rl_exact,0,648.0,16,0.14137919999848236,True,True,648.0,True,False,648.0,0.11762140000064392,0.023497599999245722
W2,ba_uniform_int,5,100,rl_exact,1,648.0,16,0.139638599997852,True,True,648.0,True,False,648.0,0.1105716999991273,0.02887889999692561
W2,ba_uniform_int,6,100,rl_exact,0,545.0,15,0.13764380000066012,True,True,545.0,True,False,545.0,0.11867619999975432,0.01880889999665669
W2,ba_uniform_int,6,100,rl_exact,1,545.0,16,0.15491079999992508,True,True,545.0,True,False,545.0,0.1254558000000543,0.02922730000136653
W2,ba_uniform_int,7,100,rl_exact,0,440.0,15,0.12412790000234963,True,True,447.0,False,True,440.0,0.10646160000032978,0.01747070000055828
W2,ba_uniform_int,7,100,rl_exact,1,440.0,15,0.13993850000042585,True,True,440.0,True,False,440.0,0.1236419000015303,0.016136400001414586
W2,ba_uniform_int,8,100,rl_exact,0,325.0,16,0.1377835999992385,True,True,325.0,True,False,325.0,0.12045859999852837,0.01715879999755998
W2,ba_uniform_int,8,100,rl_exact,1,325.0,16,0.15376820000165026,True,True,325.0,True,False,325.0,0.1376111999998102,0.015965599999617552
W2,ba_uniform_int,9,100,rl_exact,0,404.0,14,0.13851389999763342,True,True,419.0,False,True,404.0,0.12310869999782881,0.015219400000205496
W2,ba_uniform_int,9,100,rl_exact,1,404.0,14,0.12534650000088732,True,True,404.0,True,False,404.0,0.11097510000035982,0.014220599998225225
W2,ba_uniform_small,0,100,rl_exact,0,51.0,13,0.12374709999858169,True,True,52.0,False,True,51.0,0.1032840000007127,0.020266899999114685
W2,ba_uniform_small,0,100,rl_exact,1,51.0,13,0.12461049999910756,True,True,51.0,True,False,51.0,0.1049989999992249,0.019424899997829925
W2,ba_uniform_small,1,100,rl_exact,0,61.0,15,0.14199939999889466,True,True,61.0,True,False,61.0,0.11800640000001295,0.023796100002073217
W2,ba_uniform_small,1,100,rl_exact,1,61.0,15,0.13921029999983148,True,True,61.0,True,False,61.0,0.10831400000097346,0.030718300000444287
W2,ba_uniform_small,2,100,rl_exact,0,55.0,13,0.12359269999797107,True,True,55.0,True,False,55.0,0.0979096999981266,0.02549910000016098
W2,ba_uniform_small,2,100,rl_exact,1,55.0,13,0.12443189999976312,True,True,56.0,False,True,55.0,0.09638659999836818,0.02788640000289888
W2,ba_uniform_small,3,100,rl_exact,0,44.0,14,0.12288640000042506,True,True,44.0,True,False,44.0,0.10728130000279634,0.015415400001074886
W2,ba_uniform_small,3,100,rl_exact,1,44.0,14,0.12647080000169808,True,True,44.0,True,False,44.0,0.10164929999882588,0.024588299998868024
W2,ba_uniform_small,4,100,rl_exact,0,47.0,13,0.12491310000041267,True,True,47.0,True,False,47.0,0.10186460000113584,0.02288330000010319
W2,ba_uniform_small,4,100,rl_exact,1,47.0,13,0.10989329999938491,True,True,49.0,False,True,47.0,0.0931522999999288,0.01642310000170255
W2,ba_uniform_small,5,100,rl_exact,0,39.0,14,0.12134510000032606,True,True,39.0,True,False,39.0,0.10301849999814294,0.018150200001400663
W2,ba_uniform_small,5,100,rl_exact,1,39.0,14,0.1248249999989639,True,True,39.0,True,False,39.0,0.09791699999914272,0.02662369999961811
W2,ba_uniform_small,6,100,rl_exact,0,56.0,16,0.1542644000001019,True,True,57.0,False,True,56.0,0.1292396999997436,0.024770299998635892
W2,ba_uniform_small,6,100,rl_exact,1,56.0,15,0.13848200000211364,True,True,56.0,True,False,56.0,0.1204042000026675,0.01792329999807407
W2,ba_uniform_small,7,100,rl_exact,0,47.0,15,0.12538019999919925,True,True,47.0,True,False,47.0,0.09889670000120532,0.02631390000169631
W2,ba_uniform_small,7,100,rl_exact,1,47.0,12,0.1086966000002576,True,True,47.0,True,False,47.0,0.08948719999898458,0.01901429999998072
W2,ba_uniform_small,8,100,rl_exact,0,60.0,14,0.14041130000259727,True,True,60.0,True,False,60.0,0.11023080000086338,0.029912599999079248
W2,ba_uniform_small,8,100,rl_exact,1,60.0,14,0.1393497999997635,True,True,60.0,True,False,60.0,0.11276949999955832,0.02640389999942272
W2,ba_uniform_small,9,100,rl_exact,0,40.0,14,0.12220610000076704,True,True,40.0,True,False,40.0,0.10475410000071861,0.017298899998422712
W2,ba_uniform_small,9,100,rl_exact,1,40.0,14,0.15641909999976633,True,True,40.0,True,False,40.0,0.13103509999928065,0.02513360000011744
W2,ba_unit,0,100,rl_exact,0,13.0,13,0.14155870000104187,True,True,14.0,False,True,13.0,0.10562420000132988,0.03570660000332282
W2,ba_unit,0,100,rl_exact,1,13.0,13,0.12429880000127014,True,True,14.0,False,True,13.0,0.10233350000271457,0.021674600000551436
W2,ba_unit,1,100,rl_exact,0,13.0,13,0.12401870000030613,True,True,14.0,False,True,13.0,0.10245410000061383,0.021369599999161437
W2,ba_unit,1,100,rl_exact,1,13.0,13,0.14056859999982407,True,True,14.0,False,True,13.0,0.1121729000005871,0.0281074999984412
W2,ba_unit,2,100,rl_exact,0,13.0,13,0.17455150000023423,True,True,13.0,True,False,13.0,0.13406440000107978,0.04030640000200947
W2,ba_unit,2,100,rl_exact,1,13.0,13,0.1553167999991274,True,True,13.0,True,False,13.0,0.11618349999844213,0.03895379999812576
W2,ba_unit,3,100,rl_exact,0,13.0,13,0.12467029999970691,True,True,13.0,True,False,13.0,0.11059279999972205,0.013912900001741946
W2,ba_unit,3,100,rl_exact,1,13.0,13,0.20157739999922342,True,True,14.0,False,True,13.0,0.17808639999930165,0.023276200001419056
W2,ba_unit,4,100,rl_exact,0,12.0,12,0.12395260000266717,True,True,12.0,True,False,12.0,0.09768700000131503,0.02609680000023218
W2,ba_unit,4,100,rl_exact,1,12.0,12,0.12393040000097244,True,True,12.0,True,False,12.0,0.10466129999986151,0.019098600001598243
W2,ba_unit,5,100,rl_exact,0,12.0,12,0.1235616999983904,True,True,13.0,False,True,12.0,0.10365879999881145,0.019666799998958595
W2,ba_unit,5,100,rl_exact,1,12.0,12,0.13954799999919487,True,True,13.0,False,True,12.0,0.11373549999916577,0.02550130000236095
W2,ba_unit,6,100,rl_exact,0,11.0,11,0.17011679999995977,True,True,11.0,True,False,11.0,0.14700159999847529,0.022879199997987598
W2,ba_unit,6,100,rl_exact,1,11.0,11,0.17135090000010678,True,True,12.0,False,True,11.0,0.140602299998136,0.030242299999372335
W2,ba_unit,7,100,rl_exact,0,13.0,13,0.20070990000021993,True,True,13.0,True,False,13.0,0.16852080000171554,0.03188410000075237
W2,ba_unit,7,100,rl_exact,1,13.0,13,0.17145069999969564,True,True,13.0,True,False,13.0,0.14161320000130218,0.029649399999470916
W2,ba_unit,8,100,rl_exact,0,14.0,14,0.1558236000018951,True,True,14.0,True,False,14.0,0.12455250000130036,0.03110259999812115
W2,ba_unit,8,100,rl_exact,1,14.0,14,0.15491849999671103,True,True,14.0,True,False,14.0,0.12169449999782955,0.033017400000971975
W2,ba_unit,9,100,rl_exact,0,12.0,12,0.10816340000019409,True,True,12.0,True,False,12.0,0.08949020000000019,0.018493100000341656
W2,ba_unit,9,100,rl_exact,1,12.0,12,0.12295960000119521,True,True,12.0,True,False,12.0,0.10468820000096457,0.018107800002326258
W2,er_degree_correlated,0,100,rl_exact,0,205.0,19,0.5735282999994524,True,True,206.0,False,True,205.0,0.15245520000098622,0.4208911999994598
W2,er_degree_correlated,0,100,rl_exact,1,205.0,19,0.5800493000024289,True,True,206.0,False,True,205.0,0.14563050000288058,0.4342441000007966
W2,er_degree_correlated,1,100,rl_exact,0,191.0,17,0.32371799999964423,True,True,191.0,True,False,191.0,0.1473788000002969,0.17615599999771803
W2,er_degree_correlated,1,100,rl_exact,1,191.0,17,0.331264899999951,True,True,191.0,True,False,191.0,0.13601700000072015,0.19503009999971255
W2,er_degree_correlated,2,100,rl_exact,0,188.0,17,0.5589990000007674,True,True,195.0,False,True,188.0,0.14770409999982803,0.411070699999982
W2,er_degree_correlated,2,100,rl_exact,1,188.0,17,0.6215990999990026,True,True,196.0,False,True,188.0,0.17359719999876688,0.44778069999665604
W2,er_degree_correlated,3,100,rl_exact,0,201.0,15,0.5313778000017919,True,True,208.0,False,True,201.0,0.23633890000201063,0.2948179999984859
W2,er_degree_correlated,3,100,rl_exact,1,201.0,15,0.40090430000054766,True,True,203.0,False,True,201.0,0.22504079999998794,0.17565449999892735
W2,er_degree_correlated,4,100,rl_exact,0,210.0,20,0.5165801999974065,True,True,217.0,False,True,210.0,0.22366369999872404,0.2927434999983234
W2,er_degree_correlated,4,100,rl_exact,1,210.0,20,0.4678578000020934,True,True,218.0,False,True,210.0,0.14109150000149384,0.3265339999998105
W2,er_degree_correlated,5,100,rl_exact,0,212.0,18,1.6630089999998745,True,True,221.0,False,True,212.0,0.15182819999972708,1.511009500001819
W2,er_degree_correlated,5,100,rl_exact,1,212.0,18,1.771404099999927,True,True,226.0,False,True,212.0,0.29440420000173617,1.4768020000010438
W2,er_degree_correlated,6,100,rl_exact,0,208.0,20,0.4634338000032585,True,True,211.0,False,True,208.0,0.2934101000028022,0.16985550000026706
W2,er_degree_correlated,6,100,rl_exact,1,208.0,20,0.32668009999906644,True,True,212.0,False,True,208.0,0.12894880000021658,0.19755499999882886
W2,er_degree_correlated,7,100,rl_exact,0,191.0,19,0.3438921999986633,True,True,202.0,False,True,191.0,0.1367629999986093,0.206945200003247
W2,er_degree_correlated,7,100,rl_exact,1,191.0,19,0.3266736999976274,True,True,193.0,False,True,191.0,0.1327160000000731,0.19369889999870793
W2,er_degree_correlated,8,100,rl_exact,0,205.0,19,0.1530460000030871,True,True,205.0,True,False,205.0,0.12532310000096913,0.027433000002929475
W2,er_degree_correlated,8,100,rl_exact,1,205.0,19,0.15346669999780715,True,True,205.0,True,False,205.0,0.12732169999799225,0.025882199999614386
W2,er_degree_correlated,9,100,rl_exact,0,205.0,18,0.3305190999999468,True,True,212.0,False,True,205.0,0.12456099999690196,0.2057234999992943
W2,er_degree_correlated,9,100,rl_exact,1,205.0,18,0.37223070000254666,True,True,209.0,False,True,205.0,0.12798670000120183,0.24397189999945113
W2,er_uniform_int,0,100,rl_exact,0,413.0,20,0.18271160000222153,True,True,425.0,False,True,413.0,0.15743410000141012,0.025100300001213327
W2,er_uniform_int,0,100,rl_exact,1,413.0,20,0.17064229999959935,True,True,413.0,True,False,413.0,0.153674699999101,0.016768299999966985
W2,er_uniform_int,1,100,rl_exact,0,378.0,19,0.15654800000265823,True,True,378.0,True,False,378.0,0.12838330000158749,0.027888399999937974
W2,er_uniform_int,1,100,rl_exact,1,378.0,19,0.1544815999986895,True,True,384.0,False,True,378.0,0.13191469999947003,0.022279500000877306
W2,er_uniform_int,2,100,rl_exact,0,429.0,20,0.16847250000137137,True,True,429.0,True,False,429.0,0.15354260000094655,0.014756799999304349
W2,er_uniform_int,2,100,rl_exact,1,429.0,20,0.17221559999961755,True,True,433.0,False,True,429.0,0.15513300000020536,0.016853699999046512
W2,er_uniform_int,3,100,rl_exact,0,493.0,20,0.17099659999803407,True,True,509.0,False,True,493.0,0.1467120999986946,0.024038200001086807
W2,er_uniform_int,3,100,rl_exact,1,493.0,20,0.1864718000033463,True,True,497.0,False,True,493.0,0.15725310000198078,0.029009000001678942
W2,er_uniform_int,4,100,rl_exact,0,488.0,23,0.18566989999817451,True,True,496.0,False,True,488.0,0.1663985999985016,0.0190997999998217
W2,er_uniform_int,4,100,rl_exact,1,488.0,23,0.20192390000011073,True,True,489.0,False,True,488.0,0.17034520000015618,0.03139119999832474
W2,er_uniform_int,5,100,rl_exact,0,445.0,20,0.1699664000007033,True,True,448.0,False,True,445.0,0.15328410000074655,0.016499800000019604
W2,er_uniform_int,5,100,rl_exact,1,445.0,20,0.18176380000295467,True,True,445.0,True,False,445.0,0.15801869999995688,0.023468399998819223
W2,er_uniform_int,6,100,rl_exact,0,427.0,23,0.16977810000025784,True,True,427.0,True,False,427.0,0.15824090000023716,0.011370799998985603
W2,er_uniform_int,6,100,rl_exact,1,427.0,23,0.17089389999819105,True,True,427.0,True,False,427.0,0.15312289999928907,0.017566099999385187
W2,er_uniform_int,7,100,rl_exact,0,441.0,17,0.1714806000018143,True,True,441.0,True,False,441.0,0.1484664999989036,0.022758899998734705
W2,er_uniform_int,7,100,rl_exact,1,441.0,17,0.18545429999721819,True,True,441.0,True,False,441.0,0.159295800000109,0.025991799997427734
W2,er_uniform_int,8,100,rl_exact,0,437.0,19,0.1712446000019554,True,True,437.0,True,False,437.0,0.14467500000318978,0.026294499999494292
W2,er_uniform_int,8,100,rl_exact,1,437.0,19,0.1708823000008124,True,True,437.0,True,False,437.0,0.14543789999879664,0.02516019999893615
W2,er_uniform_int,9,100,rl_exact,0,343.0,19,0.15361679999841726,True,True,343.0,True,False,343.0,0.13510889999815845,0.01832030000150553
W2,er_uniform_int,9,100,rl_exact,1,343.0,19,0.15566289999696892,True,True,343.0,True,False,343.0,0.1374121999979252,0.01807130000088364
W2,er_uniform_small,0,100,rl_exact,0,51.0,21,0.18889800000033574,True,True,51.0,True,False,51.0,0.1648228999983985,0.023896399998193374
W2,er_uniform_small,0,100,rl_exact,1,51.0,22,0.20094030000109342,True,True,51.0,True,False,51.0,0.17413070000111475,0.026642200002243044
W2,er_uniform_small,1,100,rl_exact,0,59.0,21,0.18842900000163354,True,True,64.0,False,True,59.0,0.16220420000172453,0.026054499998281244
W2,er_uniform_small,1,100,rl_exact,1,59.0,21,0.1881703999970341,True,True,61.0,False,True,59.0,0.16558529999747407,0.022371099999872968
W2,er_uniform_small,2,100,rl_exact,0,40.0,20,0.16892770000049495,True,True,40.0,True,False,40.0,0.15287909999824478,0.015842000000702683
W2,er_uniform_small,2,100,rl_exact,1,40.0,20,0.17048280000017257,True,True,42.0,False,True,40.0,0.1522265999992669,0.01799119999850518
W2,er_uniform_small,3,100,rl_exact,0,66.0,21,0.1850529999974242,True,True,67.0,False,True,66.0,0.1457921000001079,0.038988399999652756
W2,er_uniform_small,3,100,rl_exact,1,66.0,21,0.1877569999996922,True,True,67.0,False,True,66.0,0.15299550000054296,0.03448949999801698
W2,er_uniform_small,4,100,rl_exact,0,60.0,24,0.18380850000175997,True,True,60.0,True,False,60.0,0.16827700000067125,0.015324500000133412
W2,er_uniform_small,4,100,rl_exact,1,60.0,24,0.18489920000138227,True,True,60.0,True,False,60.0,0.16817649999939022,0.01651540000239038
W2,er_uniform_small,5,100,rl_exact,0,49.0,19,0.1732080000001588,True,True,49.0,True,False,49.0,0.15173979999963194,0.021183900000323774
W2,er_uniform_small,5,100,rl_exact,1,49.0,19,0.15536920000158716,True,True,49.0,True,False,49.0,0.14189120000082767,0.013281200001074467
W2,er_uniform_small,6,100,rl_exact,0,50.0,20,0.15306129999953555,True,True,50.0,True,False,50.0,0.13705269999991287,0.015834800000448013
W2,er_uniform_small,6,100,rl_exact,1,50.0,20,0.18885620000219205,True,True,50.0,True,False,50.0,0.1661682000012661,0.022415799998270813
W2,er_uniform_small,7,100,rl_exact,0,50.0,17,0.13895709999997052,True,True,50.0,True,False,50.0,0.11990140000125393,0.018867899998440407
W2,er_uniform_small,7,100,rl_exact,1,50.0,17,0.13980480000100215,True,True,50.0,True,False,50.0,0.12524059999850579,0.014316699998744298
W2,er_uniform_small,8,100,rl_exact,0,50.0,17,0.15225989999817102,True,True,50.0,True,False,50.0,0.12337169999955222,0.028702099996735342
W2,er_uniform_small,8,100,rl_exact,1,50.0,17,0.15372670000215294,True,True,51.0,False,True,50.0,0.1294402000021364,0.0240178999993077
W2,er_uniform_small,9,100,rl_exact,0,55.0,21,0.1687368000020797,True,True,55.0,True,False,55.0,0.15591520000089076,0.012655699996685144
W2,er_uniform_small,9,100,rl_exact,1,55.0,21,0.1720738000003621,True,True,55.0,True,False,55.0,0.1584581999995862,0.013386299997364404
W2,er_unit,0,100,rl_exact,0,15.0,15,0.4522324999998091,True,True,15.0,True,False,15.0,0.1066276999990805,0.3454422000031627
W2,er_unit,0,100,rl_exact,1,15.0,15,0.4354118000010203,True,True,15.0,True,False,15.0,0.11291730000084499,0.3223225999972783
W2,er_unit,1,100,rl_exact,0,16.0,16,0.30836270000145305,True,True,17.0,False,True,16.0,0.12524970000231406,0.1829264999978477
W2,er_unit,1,100,rl_exact,1,16.0,16,0.31268640000052983,True,True,17.0,False,True,16.0,0.13036899999860907,0.18212549999952898
W2,er_unit,2,100,rl_exact,0,16.0,16,0.3087648000000627,True,True,17.0,False,True,16.0,0.1273274000013771,0.18125839999993332
W2,er_unit,2,100,rl_exact,1,16.0,16,0.19926610000038636,True,True,17.0,False,True,16.0,0.1309804999982589,0.06809659999998985
W2,er_unit,3,100,rl_exact,0,17.0,17,0.35778729999947245,True,True,18.0,False,True,17.0,0.1331027999985963,0.2245022000024619
W2,er_unit,3,100,rl_exact,1,17.0,17,0.37148189999788883,True,True,17.0,True,False,17.0,0.1437798999977531,0.22754020000138553
W2,er_unit,4,100,rl_exact,0,16.0,16,0.38785360000110813,True,True,16.0,True,False,16.0,0.13906839999981457,0.24856949999957578
W2,er_unit,4,100,rl_exact,1,16.0,16,0.4229045000029146,True,True,17.0,False,True,16.0,0.15755470000294736,0.2650687999994261
W2,er_unit,5,100,rl_exact,0,17.0,17,0.2602673000001232,True,True,18.0,False,True,17.0,0.14541879999887897,0.11464920000071288
W2,er_unit,5,100,rl_exact,1,17.0,17,0.3091332000003604,True,True,18.0,False,True,17.0,0.1459327000011399,0.16299110000181827
W2,er_unit,6,100,rl_exact,0,16.0,16,0.18621229999916977,True,True,16.0,True,False,16.0,0.1404240000010759,0.04552540000076988
W2,er_unit,6,100,rl_exact,1,16.0,16,0.1988813999996637,True,True,17.0,False,True,16.0,0.151839199999813,0.04688180000084685
W2,er_unit,7,100,rl_exact,0,17.0,17,0.6510792000008223,True,True,17.0,True,False,17.0,0.13234379999994417,0.5185474999998405
W2,er_unit,7,100,rl_exact,1,17.0,17,0.7146394000010332,True,True,17.0,True,False,17.0,0.14437460000044666,0.5700857999981963
W2,er_unit,8,100,rl_exact,0,16.0,16,0.7448857999988832,True,True,16.0,True,False,16.0,0.23822840000138967,0.5064534999983152
W2,er_unit,8,100,rl_exact,1,16.0,16,0.7596993999977713,True,True,17.0,False,True,16.0,0.24118819999785046,0.5182738000003155
W2,er_unit,9,100,rl_exact,0,18.0,18,0.4007480000000214,True,True,18.0,True,False,18.0,0.21557749999919906,0.1849655999976676
W2,er_unit,9,100,rl_exact,1,18.0,18,0.330678700000135,True,True,18.0,True,False,18.0,0.12405389999912586,0.20641810000233818
W3,lattices,0,100,rl_exact,0,1208.0,34,0.2289796999975806,True,True,1208.0,True,False,1208.0,0.21006080000006477,0.018722500000876607
W3,lattices,0,100,rl_exact,1,1208.0,34,0.23286469999948167,True,True,1237.0,False,True,1208.0,0.20525809999890043,0.027343800000380725
W3,lattices,1,400,rl_exact,0,3838.0,129,1.2985990999986825,True,True,3920.0,False,True,3838.0,1.246341099998972,0.05194809999738936
W3,lattices,1,400,rl_exact,1,3838.0,129,1.279419999998936,True,True,3889.0,False,True,3838.0,1.234682199999952,0.04441690000021481
W3,lattices,2,100,rl_exact,0,1039.0,29,0.21672019999823533,True,True,1055.0,False,True,1039.0,0.17654659999971045,0.040012000001297565
W3,lattices,2,100,rl_exact,1,1039.0,29,0.21660440000050585,True,True,1061.0,False,True,1039.0,0.18949380000049132,0.026947499998641433
W3,lattices,3,400,rl_exact,0,2378.0,105,1.1252512999999453,True,True,2401.0,False,True,2378.0,1.0668312000016158,0.05807909999930416
W3,lattices,3,400,rl_exact,1,2378.0,105,1.1810736000006727,True,True,2416.0,False,True,2378.0,1.1198024000004807,0.06093719999989844
W4,ba_n5000,0,5000,rl_exact,0,24400.0,803,66.9957256000016,True,True,24987.0,False,True,24400.0,65.62849300000016,1.3654223999983515
W4,ba_n5000,0,5000,rl_exact,1,24400.0,803,66.41348749999815,True,True,25264.0,False,True,24400.0,65.06130479999774,1.350351299999602
