exp,set,idx,n,opt_w,optimal,bound,runtime
W1,ba_n100,0,100,323.0,True,323.0,0.07284960000106366
W1,ba_n100,1,100,546.0,True,546.0,0.087431200001447
W1,ba_n100,2,100,379.0,True,379.0,0.07353150000199093
W1,ba_n100,3,100,400.0,True,400.0,0.030801099997916026
W1,ba_n100,4,100,407.0,True,407.0,0.03230299999995623
W1,ba_n100,5,100,505.0,True,505.0,0.04639780000070459
W1,ba_n100,6,100,406.0,True,406.0,0.04475399999864749
W1,ba_n100,7,100,461.0,True,461.0,0.045143999999709195
W1,ba_n100,8,100,352.0,True,352.0,0.030784599999606144
W1,ba_n100,9,100,422.0,True,422.0,0.030160099999193335
W1,ba_n100,10,100,397.0,True,397.0,0.044797599999583326
W1,ba_n100,11,100,283.0,True,283.0,0.02916410000034375
W1,ba_n100,12,100,364.0,True,364.0,0.02967500000158907
W1,ba_n100,13,100,416.0,True,416.0,0.02983909999966272
W1,ba_n100,14,100,378.0,True,378.0,0.029350100001465762
W1,ba_n20,0,20,67.0,True,67.0,0.014002399999299087
W1,ba_n20,1,20,94.0,True,94.0,0.014212599999154918
W1,ba_n20,2,20,57.0,True,57.0,0.013793500002066139
W1,ba_n20,3,20,23.0,True,23.0,0.01567839999916032
W1,ba_n20,4,20,66.0,True,66.0,0.01576260000001639
W1,ba_n20,5,20,108.0,True,108.0,0.014930099998309743
W1,ba_n20,6,20,109.0,True,109.0,0.01414660000227741
W1,ba_n20,7,20,101.0,True,101.0,0.013854100001481129
W1,ba_n20,8,20,163.0,True,163.0,0.013622700000269106
W1,ba_n20,9,20,49.0,True,49.0,0.01500540000051842
W1,ba_n20,10,20,73.0,True,73.0,0.01497209999797633
W1,ba_n20,11,20,164.0,True,164.0,0.014994699999078875
W1,ba_n20,12,20,117.0,True,117.0,0.014975699999922654
W1,ba_n20,13,20,55.0,True,55.0,0.014939799999410752
W1,ba_n20,14,20,53.0,True,53.0,0.014915899999323301
W1,ba_n200,0,200,754.0,True,754.0,0.3344383999974525
W1,ba_n200,1,200,871.0,True,871.0,1.7175839000010455
W1,ba_n200,2,200,739.0,True,739.0,0.3926744999989751
W1,ba_n200,3,200,754.0,True,754.0,0.08711149999726331
W1,ba_n200,4,200,721.0,True,721.0,0.46975319999910425
W1,ba_n200,5,200,944.0,True,944.0,7.437929100000474
W1,ba_n200,6,200,707.0,True,707.0,0.19912990000011632
W1,ba_n200,7,200,844.0,True,844.0,0.09146820000023581
W1,ba_n200,8,200,694.0,True,694.0,0.3431254999995872
W1,ba_n200,9,200,833.0,True,833.0,0.4981221000016376
W1,ba_n200,10,200,733.0,True,733.0,0.1365522999985842
W1,ba_n200,11,200,508.0,True,508.0,0.0768409000011161
W1,ba_n200,12,200,627.0,True,627.0,0.09340540000266628
W1,ba_n200,13,200,863.0,True,863.0,0.3422892000016873
W1,ba_n200,14,200,716.0,True,716.0,0.17221559999961755
W1,ba_n50,0,50,226.0,True,226.0,0.02847950000068522
W1,ba_n50,1,50,215.0,True,215.0,0.013900000001740409
W1,ba_n50,2,50,214.0,True,214.0,0.013785099999950035
W1,ba_n50,3,50,165.0,True,165.0,0.015036000000691274
W1,ba_n50,4,50,346.0,True,346.0,0.030993000000307802
W1,ba_n50,5,50,121.0,True,121.0,0.014858399998047389
W1,ba_n50,6,50,232.0,True,232.0,0.029691200001252582
W1,ba_n50,7,50,198.0,True,198.0,0.00938029999815626
W1,ba_n50,8,50,146.0,True,146.0,0.015077100000780774
W1,ba_n50,9,50,208.0,True,208.0,0.015031300001282943
W1,ba_n50,10,50,138.0,True,138.0,0.015791599998919992
W1,ba_n50,11,50,320.0,True,320.0,0.015774399998917943
W1,ba_n50,12,50,259.0,True,259.0,0.014707599999383092
W1,ba_n50,13,50,225.0,True,225.0,0.01460669999869424
W1,ba_n50,14,50,158.0,True,158.0,0.01401840000107768
W1,er_n100,0,100,397.0,True,397.0,0.04634010000154376
W1,er_n100,1,100,442.0,True,442.0,0.04890990000058082
W1,er_n100,2,100,363.0,True,363.0,0.03131310000026133
W1,er_n100,3,100,572.0,True,572.0,0.9864306000017677
W1,er_n100,4,100,392.0,True,392.0,0.04647970000223722
W1,er_n100,5,100,439.0,True,439.0,0.21682230000078562
W1,er_n100,6,100,405.0,True,405.0,0.07867090000218013
W1,er_n100,7,100,596.0,True,596.0,0.18670510000083596
W1,er_n100,8,100,625.0,True,625.0,0.04538179999872227
W1,er_n100,9,100,421.0,True,421.0,0.0939963999990141
W1,er_n100,10,100,540.0,True,540.0,0.04629379999823868
W1,er_n100,11,100,472.0,True,472.0,0.07653700000082608
W1,er_n100,12,100,360.0,True,360.0,0.03086290000283043
W1,er_n100,13,100,397.0,True,397.0,0.04673700000057579
W1,er_n100,14,100,469.0,True,469.0,1.6152804999983346
W1,er_n20,0,20,58.0,True,58.0,0.01079300000128569
W1,er_n20,1,20,51.0,True,51.0,0.015098500000021886
W1,er_n20,2,20,49.0,True,49.0,0.014938500000425847
W1,er_n20,3,20,119.0,True,119.0,0.014585999997507315
W1,er_n20,4,20,46.0,True,46.0,0.015169199999945704
W1,er_n20,5,20,95.0,True,95.0,0.015007100002549123
W1,er_n20,6,20,83.0,True,83.0,0.01594719999775407
W1,er_n20,7,20,94.0,True,94.0,0.004935900000418769
W1,er_n20,8,20,45.0,True,45.0,0.009163299997453578
W1,er_n20,9,20,85.0,True,85.0,0.015961999997671228
W1,er_n20,10,20,55.0,True,55.0,0.015478299999813316
W1,er_n20,11,20,66.0,True,66.0,0.014775100000406383
W1,er_n20,12,20,85.0,True,85.0,0.01423860000068089
W1,er_n20,13,20,56.0,True,56.0,0.0153320999997959
W1,er_n20,14,20,63.0,True,63.0,0.01457749999826774
W1,er_n200,0,200,962.0,True,962.0,0.45642579999912414
W1,er_n200,1,200,655.0,True,655.0,0.10697509999954491
W1,er_n200,2,200,784.0,True,784.0,0.1546821000010823
W1,er_n200,3,200,854.0,True,854.0,0.5108877999991819
W1,er_n200,4,200,879.0,True,879.0,14.225101899999572
W1,er_n200,5,200,1017.0,False,948.0,20.039290699998674
W1,er_n200,6,200,990.0,False,888.0,20.038792999999714
W1,er_n200,7,200,697.0,True,697.0,7.4400396999990335
W1,er_n200,8,200,916.0,True,916.0,8.356781900001806
W1,er_n200,9,200,1125.0,False,968.0,20.04711970000062
W1,er_n200,10,200,913.0,True,913.0,1.8121344999999565
W1,er_n200,11,200,880.0,False,839.0,20.035080699999526
W1,er_n200,12,200,826.0,True,826.0,3.4231916000026104
W1,er_n200,13,200,802.0,True,802.0,3.0242677999995067
W1,er_n200,14,200,824.0,False,765.0,20.23698180000065
W1,er_n50,0,50,230.0,True,230.0,0.023271400001249276
W1,er_n50,1,50,235.0,True,235.0,0.03087460000097053
W1,er_n50,2,50,153.0,True,153.0,0.015072900001541711
W1,er_n50,3,50,200.0,True,200.0,0.01467670000056387
W1,er_n50,4,50,243.0,True,243.0,0.045666400001209695
W1,er_n50,5,50,223.0,True,223.0,0.03057769999941229
W1,er_n50,6,50,419.0,True,419.0,0.06188320000001113
W1,er_n50,7,50,285.0,True,285.0,0.014260899999499088
W1,er_n50,8,50,256.0,True,256.0,0.013614899999083718
W1,er_n50,9,50,215.0,True,215.0,0.031151600000157487
W1,er_n50,10,50,179.0,True,179.0,0.01418059999923571
W1,er_n50,11,50,201.0,True,201.0,0.02900269999736338
W1,er_n50,12,50,136.0,True,136.0,0.01419490000262158
W1,er_n50,13,50,183.0,True,183.0,0.02935819999765954
W1,er_n50,14,50,172.0,True,172.0,0.01443719999952009
W2,ba_degree_correlated,0,100,220.0,True,220.0,5.322292400000151
W2,ba_degree_correlated,1,100,201.0,True,201.0,1.182441100001597
W2,ba_degree_correlated,2,100,206.0,True,206.0,6.219823800001905
W2,ba_degree_correlated,3,100,226.0,True,226.0,10.466684300001361
W2,ba_degree_correlated,4,100,222.0,True,222.0,2.940001300001313
W2,ba_degree_correlated,5,100,204.0,True,204.0,0.9946868000006361
W2,ba_degree_correlated,6,100,211.0,True,211.0,1.8187254000004032
W2,ba_degree_correlated,7,100,211.0,True,211.0,0.9551860000028682
W2,ba_degree_correlated,8,100,235.0,True,235.0,5.7620621000023675
W2,ba_degree_correlated,9,100,222.0,True,222.0,2.2596106000019063
W2,ba_uniform_int,0,100,443.0,True,443.0,0.040578000000095926
W2,ba_uniform_int,1,100,413.0,True,413.0,0.047203800000716
W2,ba_uniform_int,2,100,507.0,True,507.0,0.07815000000118744
W2,ba_uniform_int,3,100,434.0,True,434.0,0.03027970000039204
W2,ba_uniform_int,4,100,382.0,True,382.0,0.031120200001168996
W2,ba_uniform_int,5,100,648.0,True,648.0,0.09337439999944763
W2,ba_uniform_int,6,100,545.0,True,545.0,0.06058719999782625
W2,ba_uniform_int,7,100,440.0,True,440.0,0.07864510000217706
W2,ba_uniform_int,8,100,325.0,True,325.0,0.03066739999849233
W2,ba_uniform_int,9,100,404.0,True,404.0,0.03040609999879962
W2,ba_uniform_small,0,100,51.0,True,51.0,0.03155880000122124
W2,ba_uniform_small,1,100,61.0,True,61.0,0.07862370000293595
W2,ba_uniform_small,2,100,55.0,True,55.0,0.12658919999739737
W2,ba_uniform_small,3,100,44.0,True,44.0,0.029427199999190634
W2,ba_uniform_small,4,100,47.0,True,47.0,0.03145230000154697
W2,ba_uniform_small,5,100,39.0,True,39.0,0.031035299998620758
W2,ba_uniform_small,6,100,56.0,True,56.0,0.0774758000006841
W2,ba_uniform_small,7,100,47.0,True,47.0,0.045917800001916476
W2,ba_uniform_small,8,100,60.0,True,60.0,0.046883799997885944
W2,ba_uniform_small,9,100,40.0,True,40.0,0.030361299999640323
W2,ba_unit,0,100,13.0,True,13.0,0.04659130000072764
W2,ba_unit,1,100,13.0,True,13.0,0.10994879999998375
W2,ba_unit,2,100,13.0,True,13.0,0.5302397000014025
W2,ba_unit,3,100,13.0,True,13.0,0.10553160000199568
W2,ba_unit,4,100,12.0,True,12.0,0.04580230000283336
W2,ba_unit,5,100,12.0,True,12.0,0.03066920000128448
W2,ba_unit,6,100,11.0,True,11.0,0.04532670000116923
W2,ba_unit,7,100,13.0,True,13.0,0.04489760000069509
W2,ba_unit,8,100,14.0,True,14.0,0.675093999998353
W2,ba_unit,9,100,12.0,True,12.0,0.028889599998365156
W2,er_degree_correlated,0,100,205.0,False,184.0,20.025058300001547
W2,er_degree_correlated,1,100,191.0,False,162.0,20.027778100000432
W2,er_degree_correlated,2,100,188.0,False,176.0,20.140563199998724
W2,er_degree_correlated,3,100,201.0,False,175.0,20.025695799999085
W2,er_degree_correlated,4,100,210.0,False,180.0,20.076083500000095
W2,er_degree_correlated,5,100,212.0,False,174.0,20.048776700001326
W2,er_degree_correlated,6,100,208.0,False,170.0,20.03255050000007
W2,er_degree_correlated,7,100,191.0,False,173.0,20.01647910000247
W2,er_degree_correlated,8,100,205.0,True,205.0,12.305537000000186
W2,er_degree_correlated,9,100,205.0,False,197.0,20.030445000000327
W2,er_uniform_int,0,100,413.0,True,413.0,0.09504690000176197
W2,er_uniform_int,1,100,378.0,True,378.0,0.04526139999870793
W2,er_uniform_int,2,100,429.0,True,429.0,0.06215009999868926
W2,er_uniform_int,3,100,493.0,True,493.0,0.17137860000002547
W2,er_uniform_int,4,100,488.0,True,488.0,0.07792540000082226
W2,er_uniform_int,5,100,445.0,True,445.0,0.046711999999388354
W2,er_uniform_int,6,100,427.0,True,427.0,0.04719159999876865
W2,er_uniform_int,7,100,441.0,True,441.0,0.732116600000154
W2,er_uniform_int,8,100,437.0,True,437.0,0.11797450000085519
W2,er_uniform_int,9,100,343.0,True,343.0,0.0613271000001987
W2,er_uniform_small,0,100,51.0,True,51.0,0.13967720000073314
W2,er_uniform_small,1,100,59.0,True,59.0,0.060652899999695364
W2,er_uniform_small,2,100,40.0,True,40.0,0.04573069999969448
W2,er_uniform_small,3,100,66.0,True,66.0,0.12499749999915366
W2,er_uniform_small,4,100,60.0,True,60.0,0.029712800002016593
W2,er_uniform_small,5,100,49.0,True,49.0,0.045734100000117905
W2,er_uniform_small,6,100,50.0,True,50.0,0.029555999997683102
W2,er_uniform_small,7,100,50.0,True,50.0,0.04716200000257231
W2,er_uniform_small,8,100,50.0,True,50.0,0.07797260000006645
W2,er_uniform_small,9,100,55.0,True,55.0,0.03001899999799207
W2,er_unit,0,100,15.0,False,14.0,20.023211000003357
W2,er_unit,1,100,16.0,True,16.0,5.8734413999991375
W2,er_unit,2,100,16.0,True,16.0,0.4950133000020287
W2,er_unit,3,100,17.0,False,16.0,20.027026900002966
W2,er_unit,4,100,16.0,True,16.0,6.4250842000001285
W2,er_unit,5,100,17.0,True,17.0,1.3767447999998694
W2,er_unit,6,100,16.0,True,16.0,0.6579348999985086
W2,er_unit,7,100,17.0,False,16.0,20.01582750000307
W2,er_unit,8,100,16.0,True,16.0,11.903032900001563
W2,er_unit,9,100,18.0,True,18.0,10.870446900000388
W3,lattices,0,100,1208.0,True,1208.0,0.055422199999156874
W3,lattices,1,400,3838.0,True,3838.0,0.37686219999886816
W3,lattices,2,100,1039.0,True,1039.0,0.1405997000001662
W3,lattices,3,400,2378.0,True,2378.0,1.34305029999814
